{"stats":{"minecraft:mined":{"minecraft:grass_block":1},"minecraft:dropped":{"minecraft:dirt":1},"minecraft:custom":{"minecraft:jump":34,"minecraft:time_since_rest":5662,"minecraft:play_time":5662,"minecraft:leave_game":4,"minecraft:sprint_one_cm":16571,"minecraft:walk_on_water_one_cm":154,"minecraft:time_since_death":5662,"minecraft:walk_one_cm":11722,"minecraft:total_world_time":5662,"minecraft:drop":5,"minecraft:fall_one_cm":478,"minecraft:fly_one_cm":5731},"minecraft:picked_up":{"minecraft:dirt":2}},"DataVersion":3120}